Customer_ID,Age,Days_Since_Last_Purchase,Total_Purchases,Avg_Order_Value,Support_Tickets,Churned,Total_LTV
522,51.0,43.0,,92.79,0.0,0,757.5
738,56.0,107.0,6.0,80.73,0.0,1,316.33
741,22.0,3.0,5.0,55.6,0.0,0,281.7
661,38.0,30.0,9.0,94.76,2.0,0,834.47
412,31.0,7.0,8.0,63.7,2.0,0,553.82
679,56.0,10.0,7.0,109.34,1.0,0,683.06
627,33.0,28.0,6.0,73.8,1.0,1,271.84
514,34.0,3.0,8.0,99.65,3.0,0,671.13
860,,8.0,5.0,95.18,3.0,0,557.91
137,35.0,20.0,10.0,105.01,,0,1026.84
812,39.0,70.0,14.0,127.87,2.0,0,1899.53
77,46.0,57.0,14.0,63.2,0.0,0,909.27
637,54.0,24.0,8.0,,0.0,0,876.16
974,37.0,21.0,2.0,86.61,2.0,0,199.53
939,47.0,33.0,12.0,,0.0,0,1049.62
900,35.0,17.0,8.0,66.7,0.0,0,528.29
281,46.0,1.0,13.0,109.88,0.0,0,1388.01
884,57.0,21.0,10.0,86.51,2.0,1,508.48
762,46.0,15.0,12.0,87.41,0.0,0,1045.81
320,43.0,33.0,7.0,86.71,2.0,0,618.34
550,37.0,8.0,9.0,121.54,1.0,0,1001.09
175,48.0,25.0,8.0,55.99,1.0,1,315.72
372,50.0,80.0,8.0,100.66,1.0,0,1002.45
528,45.0,44.0,7.0,96.14,3.0,0,621.37
211,51.0,26.0,5.0,84.83,0.0,0,440.38
236,52.0,28.0,12.0,71.91,1.0,1,611.62
102,39.0,8.0,7.0,95.7,1.0,0,656.89
987,63.0,19.0,5.0,96.7,2.0,1,240.23
903,45.0,23.0,9.0,102.7,1.0,0,1052.61
948,36.0,161.0,7.0,76.73,0.0,1,292.18
347,27.0,22.0,6.0,85.72,0.0,1,466.06
140,30.0,1.0,5.0,113.63,,0,498.75
622,50.0,26.0,6.0,92.68,1.0,0,608.84
500,28.0,,8.0,91.55,0.0,0,688.16
371,45.0,7.0,8.0,114.26,0.0,0,754.23
199,45.0,27.0,10.0,96.83,2.0,0,958.13
688,40.0,19.0,5.0,83.21,2.0,0,394.16
585,47.0,35.0,7.0,69.19,,0,532.02
902,40.0,59.0,9.0,95.01,4.0,0,872.21
60,56.0,62.0,13.0,100.53,0.0,0,1065.26
329,52.0,5.0,13.0,74.28,0.0,0,918.71
97,48.0,5.0,13.0,105.78,0.0,0,1079.24
313,54.0,7.0,6.0,81.6,0.0,0,396.46
975,39.0,3.0,7.0,91.04,4.0,0,622.6
300,52.0,25.0,9.0,,1.0,0,784.17
278,37.0,59.0,7.0,116.3,0.0,0,779.07
925,59.0,36.0,5.0,104.91,3.0,1,389.41
602,33.0,6.0,15.0,100.34,,0,1793.83
440,44.0,65.0,7.0,90.88,2.0,1,363.11
838,33.0,22.0,11.0,93.61,0.0,0,1102.47
571,45.0,1.0,7.0,99.92,1.0,0,778.6
880,59.0,54.0,9.0,96.0,2.0,0,783.46
262,44.0,15.0,13.0,123.81,1.0,0,1600.92
579,27.0,39.0,7.0,94.59,1.0,1,435.21
24,27.0,1.0,13.0,121.69,0.0,0,1567.51
31,37.0,6.0,,53.39,0.0,0,433.62
618,53.0,13.0,9.0,87.22,1.0,1,456.45
11,39.0,37.0,13.0,62.95,0.0,0,871.18
222,22.0,,12.0,79.24,2.0,1,737.69
821,38.0,17.0,4.0,78.1,1.0,0,301.68
297,55.0,4.0,4.0,72.78,1.0,0,307.65
55,57.0,60.0,5.0,96.86,0.0,0,452.95
543,51.0,78.0,5.0,71.79,,1,187.73
210,70.0,15.0,8.0,67.43,0.0,0,556.73
605,49.0,24.0,6.0,71.5,1.0,0,453.66
693,32.0,17.0,2.0,98.9,0.0,0,176.49
663,44.0,30.0,9.0,128.21,2.0,0,1172.41
867,48.0,13.0,9.0,,1.0,0,538.4
71,49.0,37.0,2.0,78.04,2.0,0,125.92
544,62.0,7.0,10.0,99.83,2.0,1,511.11
108,47.0,39.0,5.0,97.45,1.0,0,532.13
494,34.0,21.0,6.0,,2.0,0,393.26
591,45.0,1.0,8.0,84.36,0.0,0,846.39
742,29.0,4.0,9.0,96.64,2.0,1,468.57
293,37.0,16.0,9.0,60.79,0.0,0,557.66
290,37.0,4.0,4.0,125.27,3.0,0,418.93
653,41.0,11.0,8.0,71.48,0.0,0,526.69
40,47.0,31.0,7.0,81.32,2.0,0,616.37
590,34.0,18.0,7.0,72.15,1.0,0,412.5
308,37.0,13.0,10.0,100.84,0.0,0,812.09
680,60.0,84.0,7.0,128.4,0.0,0,846.43
67,44.0,29.0,10.0,103.8,3.0,0,1008.17
276,50.0,5.0,2.0,,0.0,0,214.07
68,57.0,29.0,12.0,108.69,0.0,0,1261.53
319,48.0,12.0,5.0,75.42,0.0,0,398.76
549,49.0,85.0,9.0,88.86,0.0,0,815.61
999,38.0,1.0,7.0,,0.0,0,456.49
715,44.0,1.0,10.0,63.05,0.0,0,660.85
754,57.0,2.0,6.0,78.47,0.0,0,436.67
328,54.0,94.0,7.0,95.59,1.0,1,430.07
383,19.0,5.0,12.0,65.11,0.0,0,810.08
452,56.0,,12.0,103.14,,0,1345.64
523,37.0,29.0,8.0,112.22,1.0,0,912.36
219,39.0,6.0,7.0,86.71,3.0,0,632.32
788,50.0,71.0,6.0,128.3,1.0,0,727.51
437,,22.0,3.0,74.5,0.0,1,105.93
765,58.0,1.0,9.0,35.21,0.0,0,356.94
89,38.0,32.0,7.0,81.42,0.0,0,556.56
64,30.0,26.0,11.0,78.44,1.0,0,799.94
827,63.0,102.0,4.0,66.5,2.0,1,190.67
717,46.0,71.0,5.0,74.76,2.0,1,272.71
352,62.0,52.0,5.0,93.18,1.0,1,334.35
937,32.0,69.0,11.0,110.49,1.0,0,1057.63
257,60.0,51.0,6.0,89.64,1.0,1,366.39
636,25.0,24.0,6.0,119.32,,1,435.9
645,42.0,1.0,12.0,91.76,1.0,0,993.35
555,49.0,10.0,9.0,103.99,0.0,0,946.85
960,50.0,25.0,11.0,103.81,1.0,0,1028.76
169,42.0,223.0,8.0,96.84,2.0,1,503.59
918,47.0,98.0,8.0,78.98,1.0,0,633.48
529,48.0,30.0,10.0,62.38,1.0,0,697.31
824,40.0,64.0,5.0,111.74,1.0,1,469.53
986,31.0,13.0,12.0,82.99,1.0,0,926.39
817,48.0,6.0,8.0,116.1,0.0,0,863.11
87,55.0,104.0,8.0,69.91,2.0,1,377.49
433,41.0,50.0,4.0,,1.0,1,243.33
185,42.0,51.0,12.0,86.27,0.0,0,1006.82
979,25.0,90.0,6.0,93.4,2.0,1,274.53
535,37.0,117.0,10.0,51.2,,1,331.11
295,49.0,35.0,10.0,88.64,1.0,0,1029.43
893,57.0,46.0,8.0,117.15,0.0,0,912.69
426,61.0,3.0,8.0,51.48,1.0,1,202.35
714,49.0,20.0,8.0,130.17,2.0,0,961.86
261,33.0,28.0,9.0,105.91,0.0,0,871.35
238,47.0,9.0,4.0,51.33,1.0,0,216.22
560,39.0,8.0,2.0,74.63,2.0,1,101.74
584,70.0,24.0,10.0,92.96,1.0,0,1022.42
446,53.0,39.0,,95.34,1.0,0,550.0
868,49.0,55.0,9.0,69.75,0.0,0,674.87
801,56.0,25.0,7.0,94.04,0.0,0,672.93
600,49.0,39.0,10.0,87.48,2.0,0,984.5
850,38.0,51.0,14.0,91.46,0.0,0,1286.29
266,30.0,8.0,11.0,102.71,1.0,0,1084.23
996,41.0,9.0,10.0,115.87,2.0,0,1054.82
530,34.0,22.0,5.0,85.25,1.0,1,262.74
56,56.0,25.0,,96.09,,0,784.68
121,54.0,1.0,6.0,92.64,0.0,0,494.45
216,54.0,37.0,10.0,90.2,3.0,0,896.72
26,46.0,,7.0,71.8,0.0,0,417.75
73,44.0,5.0,2.0,79.44,,0,144.07
45,27.0,8.0,4.0,91.78,2.0,1,263.27
248,37.0,8.0,10.0,80.95,0.0,0,839.62
722,24.0,69.0,8.0,117.81,,1,557.64
282,52.0,30.0,5.0,86.53,1.0,0,487.1
894,59.0,32.0,9.0,88.38,1.0,0,773.09
915,43.0,42.0,11.0,109.22,,0,1156.84
811,42.0,,8.0,93.86,2.0,0,698.08
245,30.0,37.0,7.0,129.46,0.0,0,937.9
823,70.0,2.0,10.0,80.66,0.0,0,764.77
322,52.0,32.0,,112.61,1.0,0,821.67
644,26.0,2.0,4.0,110.9,2.0,1,257.66
159,30.0,1.0,10.0,107.81,0.0,0,1078.51
978,18.0,31.0,12.0,,0.0,0,1323.66
430,23.0,1.0,7.0,114.32,0.0,1,629.27
942,55.0,6.0,4.0,91.46,0.0,0,402.1
463,36.0,3.0,8.0,109.9,1.0,0,821.64
310,42.0,21.0,10.0,97.14,0.0,0,986.73
698,29.0,4.0,8.0,83.97,0.0,0,705.4
61,39.0,69.0,4.0,,1.0,1,145.27
885,53.0,10.0,5.0,86.29,,1,368.79
596,38.0,15.0,4.0,82.83,1.0,0,362.68
768,66.0,18.0,7.0,98.73,0.0,0,769.16
650,53.0,21.0,8.0,89.1,,0,627.46
651,67.0,17.0,8.0,81.35,0.0,0,553.03
866,40.0,29.0,7.0,108.6,0.0,0,640.54
669,,25.0,6.0,39.68,,1,164.22
299,54.0,38.0,8.0,89.97,2.0,0,685.21
690,50.0,2.0,8.0,,1.0,0,1091.08
315,60.0,63.0,7.0,95.01,0.0,0,716.75
311,,2.0,6.0,107.41,0.0,0,620.44
362,63.0,10.0,9.0,85.59,0.0,0,765.53
480,58.0,11.0,10.0,84.38,0.0,0,725.61
111,21.0,55.0,5.0,67.48,0.0,1,227.66
990,45.0,9.0,9.0,74.96,1.0,0,712.37
487,37.0,18.0,9.0,95.76,0.0,0,699.14
364,49.0,17.0,11.0,59.65,0.0,0,734.52
255,26.0,90.0,8.0,64.74,1.0,1,404.35
260,54.0,7.0,10.0,112.94,2.0,0,1125.54
803,46.0,47.0,2.0,78.16,1.0,1,100.0
678,66.0,21.0,6.0,79.41,0.0,0,552.99
495,63.0,4.0,9.0,119.08,1.0,0,1164.11
671,59.0,6.0,4.0,,0.0,0,426.71
378,47.0,49.0,7.0,80.48,1.0,0,626.93
527,25.0,28.0,12.0,114.5,1.0,0,1393.91
846,50.0,23.0,12.0,64.53,0.0,0,777.01
138,41.0,32.0,8.0,85.53,1.0,0,589.18
356,32.0,10.0,8.0,118.28,2.0,0,781.89
366,40.0,21.0,8.0,53.14,4.0,1,266.19
943,52.0,2.0,6.0,56.55,1.0,0,263.45
750,28.0,38.0,5.0,80.01,0.0,1,270.26
949,44.0,58.0,3.0,100.2,0.0,1,181.6
830,41.0,33.0,8.0,97.77,3.0,1,461.53
657,45.0,27.0,12.0,96.32,1.0,0,1108.5
200,31.0,33.0,11.0,99.66,0.0,0,1065.6
214,52.0,43.0,7.0,74.94,1.0,0,454.57
409,46.0,17.0,6.0,71.37,0.0,0,494.92
333,45.0,3.0,7.0,110.85,2.0,0,712.32
209,51.0,14.0,7.0,97.2,0.0,0,593.02
614,31.0,4.0,6.0,72.85,0.0,0,478.57
79,46.0,8.0,,116.17,0.0,0,240.55
30,41.0,12.0,6.0,89.14,0.0,0,676.18
536,45.0,27.0,9.0,115.69,1.0,0,1017.95
696,41.0,5.0,5.0,106.62,1.0,1,301.39
558,39.0,56.0,9.0,104.05,2.0,0,814.53
837,63.0,24.0,,93.18,0.0,0,611.81
597,41.0,48.0,6.0,104.04,1.0,0,701.21
166,49.0,31.0,7.0,108.35,2.0,0,879.79
919,39.0,38.0,9.0,62.86,0.0,1,348.79
496,51.0,40.0,5.0,82.01,2.0,1,273.67
825,39.0,,7.0,86.48,0.0,0,544.44
66,61.0,7.0,3.0,53.0,1.0,1,104.4
142,60.0,36.0,5.0,102.78,0.0,1,294.78
926,26.0,23.0,6.0,88.77,1.0,0,549.03
828,38.0,16.0,7.0,94.13,2.0,0,657.81
656,45.0,7.0,5.0,100.79,1.0,0,568.97
332,34.0,23.0,5.0,63.23,0.0,0,317.32
665,36.0,3.0,7.0,86.33,0.0,0,662.7
250,49.0,19.0,11.0,86.8,1.0,1,744.9
908,53.0,1.0,9.0,114.3,1.0,0,1032.88
709,20.0,9.0,12.0,102.22,0.0,0,1268.14
306,46.0,11.0,,71.65,0.0,0,100.0
735,,6.0,7.0,56.54,0.0,0,469.79
976,,14.0,9.0,91.29,3.0,1,495.58
50,,16.0,4.0,95.62,1.0,0,349.43
897,,33.0,10.0,110.96,1.0,0,1173.45
3,52.0,30.0,,99.95,0.0,0,980.5
545,18.0,13.0,8.0,74.09,1.0,1,382.29
351,48.0,,10.0,104.86,1.0,0,1032.94
905,47.0,112.0,5.0,,1.0,1,264.78
537,34.0,26.0,9.0,83.25,2.0,0,636.98
345,39.0,23.0,5.0,52.07,0.0,0,240.93
995,32.0,28.0,7.0,109.25,0.0,0,716.85
482,33.0,17.0,8.0,57.71,0.0,0,451.6
576,18.0,7.0,7.0,96.43,1.0,0,733.41
34,32.0,20.0,10.0,85.84,0.0,0,841.99
32,67.0,46.0,7.0,82.74,2.0,0,525.29
232,47.0,11.0,9.0,121.05,0.0,0,1477.67
964,53.0,17.0,10.0,66.27,0.0,0,783.12
193,47.0,14.0,9.0,90.66,1.0,0,773.37
334,36.0,17.0,5.0,78.7,1.0,0,445.85
4,63.0,36.0,8.0,75.17,2.0,1,311.76
205,28.0,21.0,8.0,115.57,1.0,0,983.73
515,38.0,32.0,8.0,103.21,0.0,0,606.29
800,45.0,47.0,8.0,97.48,0.0,0,745.53
307,60.0,,14.0,87.18,,0,1294.08
110,44.0,19.0,12.0,70.79,2.0,0,742.79
431,30.0,21.0,6.0,67.48,0.0,1,316.31
78,41.0,20.0,13.0,112.77,3.0,0,1584.4
85,35.0,5.0,9.0,64.22,1.0,0,523.05
287,43.0,27.0,8.0,101.41,3.0,0,636.52
83,62.0,13.0,6.0,65.13,1.0,0,350.74
992,,12.0,9.0,,0.0,0,842.85
790,25.0,20.0,4.0,83.05,0.0,1,222.47
895,61.0,9.0,9.0,99.62,2.0,1,712.51
399,43.0,13.0,5.0,101.89,0.0,0,580.37
324,70.0,39.0,12.0,93.72,1.0,0,1338.8
520,54.0,103.0,5.0,114.53,,1,276.94
917,52.0,1.0,8.0,,1.0,0,630.14
923,46.0,61.0,7.0,91.72,0.0,0,611.32
6,,82.0,6.0,89.93,1.0,1,375.29
732,33.0,119.0,5.0,31.34,1.0,1,100.0
466,42.0,55.0,8.0,97.46,1.0,0,642.34
98,48.0,22.0,8.0,86.93,,0,691.41
267,64.0,45.0,13.0,126.9,0.0,1,1100.58
358,41.0,13.0,7.0,79.59,1.0,1,321.22
869,52.0,19.0,7.0,67.81,1.0,0,383.26
799,45.0,10.0,9.0,57.23,1.0,0,510.02
381,34.0,2.0,,107.53,2.0,0,860.49
632,63.0,19.0,6.0,77.35,0.0,0,335.74
382,37.0,15.0,8.0,59.4,1.0,0,459.16
491,44.0,30.0,,83.51,1.0,0,908.06
119,58.0,22.0,10.0,101.71,0.0,0,988.19
901,49.0,,5.0,57.04,1.0,1,178.24
251,29.0,49.0,7.0,65.62,3.0,1,243.8
524,51.0,14.0,7.0,58.73,0.0,0,400.12
10,51.0,61.0,5.0,71.16,0.0,0,347.44
197,34.0,7.0,4.0,100.48,0.0,0,347.82
604,61.0,45.0,5.0,51.46,1.0,1,154.71
82,49.0,21.0,9.0,88.77,2.0,0,660.9
784,52.0,44.0,6.0,73.9,3.0,1,303.11
588,34.0,42.0,8.0,130.54,1.0,0,1073.33
798,53.0,22.0,10.0,87.69,2.0,0,998.15
240,55.0,3.0,7.0,120.86,2.0,0,833.54
291,42.0,35.0,6.0,92.38,0.0,0,654.66
212,58.0,22.0,7.0,82.05,3.0,0,460.02
718,46.0,4.0,7.0,82.03,1.0,0,611.05
360,35.0,82.0,6.0,77.98,0.0,0,455.93
450,32.0,19.0,8.0,96.73,1.0,0,745.69
228,32.0,3.0,6.0,102.0,2.0,0,649.12
951,42.0,1.0,9.0,94.86,2.0,0,919.93
947,26.0,26.0,7.0,57.45,1.0,1,308.28
797,44.0,6.0,13.0,84.03,1.0,0,889.91
502,67.0,2.0,,100.15,1.0,1,483.61
465,43.0,18.0,8.0,106.6,1.0,0,869.51
363,43.0,15.0,11.0,71.33,0.0,0,849.39
469,38.0,4.0,6.0,125.97,0.0,0,841.0
936,38.0,1.0,11.0,97.07,0.0,0,1204.7
429,57.0,35.0,6.0,117.41,1.0,0,742.41
8,54.0,23.0,7.0,102.13,0.0,0,772.38
156,36.0,28.0,7.0,120.52,0.0,0,1056.94
542,31.0,12.0,,67.39,2.0,0,429.03
441,49.0,17.0,5.0,69.38,2.0,0,337.41
483,25.0,8.0,8.0,61.09,2.0,1,399.9
423,42.0,123.0,8.0,71.34,0.0,0,545.46
779,44.0,63.0,4.0,92.25,1.0,0,370.49
950,47.0,22.0,10.0,,1.0,0,1100.2
335,56.0,42.0,11.0,118.9,1.0,0,1531.28
577,47.0,21.0,8.0,92.16,0.0,0,558.72
935,,,13.0,104.25,1.0,0,1447.42
568,32.0,23.0,8.0,117.12,,0,686.27
595,57.0,,7.0,91.04,3.0,1,383.46
531,52.0,1.0,8.0,78.2,,0,525.71
582,40.0,21.0,,91.05,1.0,0,734.88
708,66.0,8.0,9.0,50.18,0.0,1,274.22
449,38.0,16.0,7.0,75.3,2.0,0,617.52
454,51.0,4.0,11.0,,1.0,0,752.45
229,36.0,19.0,11.0,112.21,2.0,0,1062.05
353,55.0,45.0,10.0,72.33,0.0,0,737.13
729,38.0,16.0,9.0,83.73,1.0,0,712.75
213,56.0,28.0,7.0,53.86,0.0,0,411.36
80,21.0,61.0,12.0,102.86,0.0,0,1138.51
149,51.0,60.0,6.0,119.52,2.0,1,422.48
303,53.0,2.0,11.0,85.17,4.0,0,895.65
629,45.0,47.0,4.0,93.25,2.0,1,235.4
778,42.0,63.0,,83.29,,1,691.6
507,37.0,13.0,13.0,108.43,1.0,0,1493.24
343,47.0,,,84.08,0.0,1,348.01
486,27.0,69.0,8.0,111.49,1.0,0,766.65
712,43.0,44.0,6.0,82.97,,0,525.31
134,50.0,60.0,7.0,70.48,1.0,0,461.23
704,28.0,9.0,9.0,88.74,0.0,0,959.48
312,58.0,48.0,12.0,106.51,0.0,0,1251.68
723,28.0,1.0,6.0,96.9,3.0,0,572.66
630,58.0,2.0,8.0,121.52,0.0,0,903.36
1,50.0,5.0,3.0,82.35,0.0,0,262.49
317,53.0,22.0,7.0,116.71,1.0,0,918.8
707,29.0,71.0,6.0,74.95,0.0,1,257.49
548,42.0,28.0,10.0,108.67,1.0,0,1092.21
873,28.0,33.0,10.0,101.59,0.0,0,1175.62
533,44.0,48.0,6.0,71.31,0.0,0,409.97
478,48.0,93.0,6.0,65.54,2.0,1,266.6
405,39.0,101.0,5.0,93.92,1.0,1,305.77
173,44.0,61.0,9.0,86.97,0.0,0,716.68
126,70.0,21.0,8.0,95.93,5.0,1,579.85
395,59.0,5.0,8.0,100.73,1.0,0,846.64
421,69.0,1.0,10.0,104.72,0.0,0,1097.44
553,59.0,65.0,7.0,92.15,1.0,0,623.49
904,60.0,14.0,9.0,104.27,3.0,0,1065.26
91,46.0,44.0,9.0,91.7,0.0,0,879.68
940,38.0,26.0,12.0,116.43,0.0,0,1408.67
182,34.0,43.0,14.0,115.12,1.0,0,1560.13
275,33.0,26.0,,123.51,0.0,0,1249.77
896,52.0,71.0,5.0,76.32,1.0,1,259.3
70,37.0,4.0,8.0,73.59,0.0,0,697.38
292,39.0,15.0,9.0,96.73,1.0,0,910.49
132,45.0,90.0,11.0,120.32,1.0,1,712.19
301,35.0,9.0,10.0,97.48,0.0,0,869.25
425,52.0,,13.0,91.31,2.0,0,1215.24
327,58.0,24.0,5.0,91.7,2.0,0,523.0
145,48.0,105.0,5.0,72.68,0.0,1,236.07
424,56.0,8.0,8.0,103.47,1.0,0,921.72
581,49.0,26.0,6.0,93.34,1.0,0,501.91
136,63.0,21.0,4.0,83.98,1.0,1,237.89
451,44.0,1.0,8.0,58.66,2.0,0,478.88
165,56.0,15.0,8.0,85.95,1.0,0,599.21
29,37.0,111.0,9.0,112.41,1.0,0,1160.84
774,56.0,12.0,15.0,106.89,0.0,0,1696.22
194,30.0,17.0,7.0,96.66,0.0,0,555.22
389,56.0,4.0,4.0,83.94,3.0,1,180.71
853,37.0,20.0,5.0,81.63,2.0,1,247.58
170,35.0,1.0,9.0,65.28,1.0,0,548.23
706,52.0,8.0,11.0,108.67,2.0,0,1271.55
141,47.0,11.0,9.0,89.28,0.0,0,730.39
174,49.0,45.0,7.0,69.21,2.0,1,256.96
7,63.0,1.0,7.0,78.76,1.0,0,600.31
746,36.0,24.0,7.0,100.37,1.0,1,501.54
479,70.0,46.0,7.0,79.77,,1,326.23
74,63.0,8.0,11.0,102.42,4.0,0,1093.06
911,41.0,9.0,10.0,70.99,1.0,0,824.17
814,47.0,123.0,4.0,111.1,3.0,1,327.99
239,,16.0,7.0,86.6,1.0,0,697.29
146,54.0,2.0,13.0,83.97,0.0,0,1033.55
793,48.0,51.0,11.0,92.39,1.0,0,809.16
235,70.0,11.0,8.0,83.28,1.0,0,667.84
221,70.0,31.0,8.0,98.01,2.0,0,774.99
924,36.0,3.0,7.0,82.72,2.0,0,584.42
501,56.0,37.0,5.0,114.19,1.0,1,394.88
133,32.0,30.0,9.0,107.6,3.0,1,637.5
991,47.0,106.0,10.0,83.39,,0,924.89
775,52.0,42.0,14.0,117.81,1.0,0,1567.49
186,53.0,3.0,,111.43,0.0,0,909.38
42,47.0,34.0,8.0,82.26,2.0,0,712.05
697,48.0,28.0,7.0,62.96,1.0,0,432.62
109,48.0,32.0,6.0,92.25,2.0,1,423.61
589,54.0,5.0,7.0,106.01,2.0,0,800.3
57,34.0,,6.0,66.35,4.0,1,298.64
406,52.0,16.0,10.0,72.68,2.0,0,743.39
443,20.0,13.0,8.0,93.95,1.0,0,664.98
758,47.0,87.0,8.0,83.52,2.0,0,706.87
998,52.0,21.0,16.0,75.55,2.0,0,1352.67
25,38.0,8.0,9.0,96.81,1.0,0,836.92
468,54.0,20.0,5.0,106.9,0.0,0,463.94
540,,32.0,11.0,72.4,1.0,0,786.84
532,,103.0,6.0,94.12,1.0,1,333.11
619,50.0,17.0,7.0,96.37,2.0,0,570.86
695,52.0,43.0,7.0,72.79,3.0,0,486.72
927,38.0,3.0,3.0,97.82,0.0,0,270.15
339,49.0,78.0,8.0,88.1,1.0,1,448.01
52,40.0,13.0,6.0,65.98,1.0,0,424.57
508,34.0,10.0,3.0,77.11,0.0,0,199.95
517,51.0,9.0,9.0,83.35,0.0,0,824.65
921,57.0,53.0,,100.21,0.0,0,1321.72
782,28.0,,10.0,110.34,2.0,1,718.5
265,41.0,13.0,,107.68,,0,1061.07
818,55.0,67.0,8.0,92.7,1.0,1,495.59
711,47.0,17.0,14.0,108.62,0.0,0,1648.13
683,38.0,61.0,6.0,69.05,,1,225.96
833,32.0,64.0,8.0,102.51,1.0,1,468.86
519,46.0,2.0,6.0,115.98,1.0,0,721.5
448,33.0,1.0,9.0,109.08,1.0,0,1007.96
19,34.0,18.0,9.0,97.17,1.0,0,866.42
716,58.0,1.0,9.0,105.93,1.0,0,1165.59
484,47.0,55.0,7.0,95.99,4.0,1,438.67
569,22.0,125.0,9.0,90.55,0.0,1,483.98
434,53.0,28.0,7.0,51.42,1.0,0,361.0
368,45.0,20.0,6.0,,1.0,0,662.28
84,38.0,26.0,8.0,102.86,3.0,0,1016.63
62,42.0,16.0,8.0,93.21,1.0,0,823.03
639,29.0,33.0,5.0,97.93,4.0,1,318.72
273,58.0,29.0,8.0,90.29,2.0,1,470.86
286,21.0,14.0,6.0,71.21,1.0,1,262.51
361,51.0,24.0,8.0,80.19,1.0,0,567.5
355,44.0,1.0,4.0,115.75,1.0,0,456.69
457,43.0,1.0,6.0,90.1,1.0,0,467.4
279,45.0,7.0,4.0,41.16,0.0,0,135.99
13,47.0,12.0,4.0,81.99,2.0,0,294.72
183,32.0,47.0,12.0,95.95,0.0,0,1061.48
369,46.0,145.0,7.0,59.73,3.0,1,214.45
882,38.0,30.0,8.0,90.48,0.0,0,548.81
616,46.0,62.0,,91.05,2.0,0,627.95
224,25.0,78.0,9.0,83.91,,1,494.41
573,48.0,4.0,8.0,65.51,0.0,0,595.38
971,46.0,26.0,7.0,96.45,2.0,0,714.76
654,31.0,17.0,6.0,63.31,0.0,0,320.1
546,35.0,16.0,10.0,127.43,0.0,0,1088.85
583,52.0,10.0,10.0,109.88,0.0,0,942.44
634,39.0,2.0,6.0,88.13,2.0,0,494.24
177,45.0,,7.0,84.86,2.0,1,334.21
666,46.0,15.0,5.0,100.79,0.0,1,326.13
674,40.0,1.0,10.0,65.56,2.0,0,722.81
586,47.0,61.0,10.0,80.25,1.0,0,708.69
874,36.0,11.0,3.0,82.43,0.0,0,272.95
394,66.0,43.0,7.0,62.5,0.0,1,270.76
164,,,6.0,64.39,0.0,0,416.63
249,66.0,98.0,8.0,103.94,1.0,1,554.66
635,32.0,26.0,10.0,97.93,0.0,0,970.12
886,67.0,7.0,6.0,60.0,2.0,0,352.71
670,58.0,26.0,7.0,68.35,2.0,0,445.58
376,35.0,63.0,8.0,95.38,0.0,1,458.48
413,26.0,28.0,6.0,91.88,2.0,1,351.72
75,18.0,106.0,11.0,129.01,0.0,1,956.66
114,70.0,60.0,13.0,117.27,,1,1154.58
599,39.0,24.0,6.0,52.34,1.0,0,355.13
962,60.0,16.0,11.0,73.44,,0,809.58
391,34.0,76.0,,93.88,0.0,0,805.69
105,43.0,5.0,11.0,89.77,0.0,0,953.1
115,42.0,6.0,9.0,,1.0,0,595.7
418,46.0,18.0,6.0,82.47,1.0,0,489.65
526,23.0,3.0,5.0,112.96,3.0,1,367.63
458,32.0,8.0,8.0,68.74,0.0,0,633.3
410,51.0,3.0,9.0,124.79,0.0,0,1210.18
93,36.0,105.0,2.0,95.04,2.0,1,117.26
931,38.0,10.0,7.0,60.25,0.0,0,449.46
90,51.0,11.0,10.0,96.04,1.0,0,1122.79
337,35.0,32.0,,70.72,1.0,0,530.58
989,42.0,4.0,12.0,74.62,0.0,0,790.95
922,32.0,9.0,11.0,100.26,0.0,0,976.37
934,18.0,10.0,9.0,123.0,0.0,0,1249.89
606,67.0,1.0,8.0,78.95,1.0,1,368.49
594,49.0,144.0,10.0,64.1,0.0,1,366.91
612,44.0,13.0,7.0,,0.0,0,671.61
95,40.0,8.0,9.0,71.48,1.0,1,462.05
12,39.0,48.0,11.0,53.72,0.0,0,523.35
397,24.0,15.0,10.0,75.73,0.0,0,810.63
534,30.0,10.0,11.0,73.24,3.0,0,901.74
44,41.0,1.0,,101.08,1.0,0,1023.39
43,43.0,2.0,12.0,129.76,3.0,0,1132.37
330,52.0,35.0,10.0,93.39,1.0,1,616.46
168,67.0,,7.0,111.71,1.0,0,783.89
498,,34.0,12.0,95.42,1.0,0,952.67
877,38.0,5.0,7.0,,2.0,0,764.2
598,33.0,6.0,7.0,86.67,1.0,0,514.14
757,50.0,5.0,,103.9,0.0,0,832.72
101,28.0,16.0,8.0,87.09,0.0,0,615.98
427,33.0,10.0,6.0,123.24,3.0,1,424.32
179,41.0,11.0,8.0,93.77,,0,672.82
445,29.0,52.0,7.0,97.32,2.0,0,664.04
417,63.0,45.0,6.0,142.87,0.0,0,570.95
871,42.0,30.0,8.0,64.31,,0,537.96
883,39.0,35.0,9.0,76.24,2.0,1,445.85
681,53.0,9.0,9.0,110.33,0.0,0,1200.05
178,62.0,15.0,9.0,104.57,1.0,1,557.9
396,39.0,20.0,6.0,54.08,1.0,1,190.04
912,47.0,58.0,10.0,99.23,0.0,0,1003.31
794,29.0,14.0,8.0,61.87,,0,541.54
961,52.0,21.0,8.0,136.11,0.0,0,1268.04
685,,6.0,10.0,68.72,0.0,0,785.89
384,38.0,35.0,8.0,93.62,0.0,0,747.62
957,49.0,33.0,6.0,85.2,0.0,1,326.65
752,28.0,36.0,11.0,116.48,1.0,0,1255.72
258,36.0,64.0,6.0,77.5,2.0,1,311.04
539,57.0,50.0,5.0,86.21,1.0,1,258.26
336,43.0,12.0,7.0,78.08,3.0,0,537.81
16,38.0,67.0,4.0,87.65,1.0,1,177.97
325,32.0,18.0,9.0,66.17,1.0,0,419.7
759,34.0,56.0,9.0,47.3,5.0,1,287.16
223,53.0,8.0,4.0,94.13,1.0,0,344.93
180,70.0,33.0,6.0,119.66,0.0,1,426.1
984,44.0,2.0,14.0,66.82,0.0,0,976.17
23,45.0,2.0,11.0,103.18,2.0,0,1081.17
357,44.0,9.0,8.0,40.25,1.0,0,396.89
667,41.0,54.0,2.0,74.43,0.0,0,138.37
862,26.0,12.0,4.0,85.13,0.0,1,216.99
341,35.0,15.0,2.0,78.18,3.0,0,137.45
432,20.0,171.0,12.0,115.66,2.0,1,865.1
552,43.0,6.0,10.0,91.87,0.0,0,1232.08
834,35.0,16.0,9.0,120.94,1.0,0,894.83
204,57.0,59.0,9.0,61.56,,0,525.13
631,24.0,26.0,2.0,45.33,1.0,1,100.0
94,41.0,18.0,,86.52,2.0,1,317.08
559,49.0,75.0,5.0,100.55,1.0,1,282.26
69,49.0,39.0,7.0,71.16,0.0,0,578.78
623,67.0,14.0,5.0,96.99,1.0,1,346.03
285,,7.0,4.0,96.42,1.0,1,286.72
845,46.0,51.0,7.0,51.09,1.0,1,318.84
435,63.0,10.0,,79.01,1.0,0,419.3
154,47.0,34.0,8.0,92.03,2.0,1,475.17
76,54.0,5.0,8.0,,0.0,0,622.49
731,47.0,39.0,5.0,76.46,1.0,0,403.0
447,49.0,43.0,14.0,97.9,1.0,0,1306.72
189,34.0,11.0,5.0,86.01,1.0,1,296.58
272,27.0,3.0,5.0,79.78,3.0,1,229.25
237,,37.0,7.0,,0.0,0,516.47
488,32.0,30.0,6.0,99.64,0.0,0,517.48
118,,1.0,4.0,79.0,0.0,0,248.57
944,43.0,8.0,5.0,90.33,1.0,0,422.67
513,42.0,5.0,6.0,44.27,1.0,0,225.04
826,62.0,21.0,8.0,82.35,0.0,0,752.04
592,39.0,8.0,9.0,78.51,2.0,0,602.76
127,33.0,1.0,9.0,101.92,1.0,0,916.12
117,44.0,9.0,8.0,109.06,0.0,0,928.39
474,61.0,15.0,8.0,59.27,0.0,0,412.74
694,52.0,39.0,7.0,79.4,2.0,0,554.49
58,41.0,38.0,9.0,103.72,,0,914.42
864,66.0,41.0,12.0,78.82,1.0,1,867.77
913,47.0,10.0,,74.6,1.0,0,227.43
370,35.0,57.0,6.0,69.01,0.0,1,287.57
269,39.0,,12.0,131.96,0.0,0,1950.12
47,39.0,60.0,5.0,84.88,1.0,1,248.17
350,42.0,42.0,12.0,58.83,1.0,0,779.58
196,49.0,14.0,7.0,,,0,809.08
1000,51.0,1.0,12.0,121.69,1.0,0,1241.88
835,44.0,5.0,4.0,64.47,2.0,0,299.53
737,48.0,18.0,8.0,68.36,0.0,0,553.39
264,32.0,69.0,11.0,86.89,0.0,0,1005.0
444,43.0,16.0,6.0,37.07,0.0,0,175.58
676,35.0,53.0,9.0,115.06,1.0,0,957.33
305,44.0,6.0,11.0,88.79,1.0,0,992.72
342,47.0,4.0,6.0,94.18,1.0,1,333.4
967,36.0,66.0,7.0,47.31,0.0,0,333.37
150,48.0,5.0,9.0,109.09,0.0,0,995.66
125,52.0,11.0,3.0,76.48,1.0,0,237.51
787,55.0,18.0,11.0,76.49,1.0,0,782.92
51,48.0,12.0,10.0,73.78,0.0,0,759.14
354,43.0,37.0,12.0,64.41,0.0,0,781.39
928,49.0,8.0,9.0,55.77,2.0,0,525.96
143,25.0,6.0,6.0,82.99,2.0,1,318.28
471,41.0,40.0,8.0,111.56,0.0,0,875.21
400,59.0,2.0,10.0,91.19,0.0,0,1060.91
626,38.0,1.0,12.0,,3.0,0,572.2
321,,154.0,14.0,110.92,1.0,1,1092.65
20,28.0,30.0,7.0,91.46,2.0,1,534.72
810,,11.0,9.0,104.79,2.0,0,1073.01
791,50.0,,8.0,84.04,0.0,0,599.21
809,60.0,,6.0,109.97,1.0,1,379.06
408,43.0,21.0,11.0,60.24,3.0,0,671.8
538,40.0,41.0,9.0,94.39,0.0,0,929.58
621,35.0,65.0,6.0,85.58,1.0,0,457.76
39,29.0,110.0,9.0,48.12,2.0,1,307.08
176,54.0,40.0,11.0,79.06,,0,903.51
246,40.0,3.0,7.0,128.59,1.0,0,986.03
829,39.0,124.0,12.0,98.74,3.0,1,690.21
668,63.0,14.0,9.0,107.83,0.0,0,1009.13
755,33.0,18.0,11.0,74.29,1.0,0,988.26
859,38.0,3.0,10.0,87.58,0.0,0,986.86
155,48.0,20.0,,113.34,2.0,0,959.57
288,52.0,20.0,11.0,113.64,1.0,0,1457.88
603,55.0,13.0,5.0,,0.0,0,474.19
570,40.0,83.0,,71.85,2.0,1,345.59
744,45.0,8.0,8.0,,2.0,0,348.51
18,48.0,50.0,12.0,58.7,1.0,0,769.72
128,,4.0,7.0,118.61,0.0,0,923.54
323,35.0,24.0,4.0,103.78,0.0,1,240.89
256,39.0,27.0,12.0,70.41,1.0,0,901.78
658,44.0,39.0,9.0,124.55,1.0,0,1086.82
965,43.0,44.0,6.0,90.65,1.0,0,389.97
191,39.0,15.0,4.0,94.78,1.0,1,261.92
116,48.0,3.0,,82.85,1.0,0,630.55
617,46.0,168.0,6.0,,3.0,1,449.42
607,35.0,42.0,13.0,88.62,0.0,0,1188.53
181,52.0,49.0,6.0,66.79,0.0,0,385.17
302,38.0,2.0,13.0,88.43,,0,1103.65
760,53.0,33.0,7.0,114.12,0.0,0,698.06
713,38.0,2.0,9.0,,1.0,0,744.38
724,53.0,32.0,5.0,88.32,2.0,1,272.5
686,53.0,48.0,12.0,103.84,0.0,0,1310.69
980,54.0,27.0,13.0,104.15,0.0,0,1236.17
518,33.0,1.0,9.0,97.43,1.0,0,965.63
985,44.0,8.0,4.0,51.24,1.0,0,204.59
46,36.0,18.0,3.0,81.18,2.0,1,142.48
910,70.0,75.0,,92.87,2.0,1,472.4
158,50.0,25.0,5.0,102.27,2.0,0,505.91
852,38.0,13.0,11.0,89.19,2.0,0,804.01
172,35.0,15.0,,90.48,0.0,0,613.76
17,32.0,23.0,5.0,54.19,3.0,1,185.74
512,44.0,6.0,8.0,93.36,2.0,0,753.36
49,49.0,40.0,5.0,80.2,0.0,0,477.51
972,36.0,36.0,6.0,109.91,4.0,1,551.31
941,29.0,66.0,15.0,76.55,0.0,1,697.65
516,54.0,43.0,7.0,103.7,2.0,0,797.11
953,29.0,27.0,9.0,79.43,0.0,0,773.42
481,43.0,34.0,7.0,90.69,,0,656.28
284,30.0,23.0,9.0,92.54,1.0,0,994.0
719,40.0,22.0,10.0,86.16,0.0,0,968.05
878,47.0,58.0,8.0,77.74,,0,641.02
226,58.0,81.0,9.0,102.72,0.0,0,954.49
27,31.0,61.0,5.0,87.14,1.0,1,264.63
955,44.0,2.0,7.0,87.72,0.0,0,785.95
438,28.0,16.0,7.0,82.61,1.0,0,689.78
952,49.0,53.0,8.0,70.88,1.0,0,491.63
365,53.0,27.0,6.0,108.55,2.0,0,714.98
230,53.0,8.0,6.0,77.09,2.0,0,540.62
38,21.0,168.0,4.0,72.03,0.0,1,176.01
966,62.0,27.0,8.0,109.53,0.0,0,1010.71
375,70.0,14.0,9.0,115.38,2.0,0,942.51
470,38.0,11.0,9.0,72.19,1.0,0,597.38
968,,17.0,7.0,84.65,1.0,0,623.48
851,37.0,18.0,10.0,143.11,0.0,0,1453.45
705,26.0,9.0,6.0,100.93,1.0,1,506.92
842,,39.0,7.0,73.24,1.0,0,519.24
195,47.0,8.0,6.0,88.16,2.0,0,529.47
855,62.0,12.0,8.0,92.48,1.0,0,779.25
865,37.0,31.0,2.0,113.66,1.0,0,230.46
504,51.0,1.0,8.0,86.76,2.0,0,718.35
970,27.0,29.0,11.0,79.71,0.0,0,797.36
831,,30.0,6.0,66.95,0.0,1,244.88
580,58.0,23.0,7.0,94.35,0.0,0,691.52
969,44.0,,3.0,72.49,0.0,0,195.85
163,58.0,7.0,8.0,86.89,1.0,0,630.71
909,52.0,40.0,8.0,80.31,2.0,0,605.97
153,36.0,86.0,7.0,88.36,1.0,1,394.45
802,38.0,30.0,12.0,,0.0,0,1242.84
994,36.0,6.0,11.0,114.84,2.0,0,1243.0
756,70.0,19.0,7.0,88.0,0.0,1,397.45
112,44.0,49.0,7.0,77.82,2.0,0,554.89
227,45.0,12.0,10.0,122.33,1.0,0,987.46
689,53.0,4.0,8.0,106.19,0.0,0,878.26
104,35.0,36.0,,,2.0,0,672.35
422,66.0,35.0,7.0,73.42,2.0,1,306.77
420,45.0,158.0,8.0,119.87,0.0,1,521.31
751,33.0,2.0,9.0,116.3,1.0,0,1156.24
587,39.0,30.0,6.0,47.92,0.0,0,355.95
781,47.0,8.0,,92.39,1.0,0,637.89
673,40.0,12.0,8.0,94.15,5.0,1,611.19
120,54.0,82.0,13.0,93.46,1.0,0,1195.41
54,52.0,,11.0,134.66,4.0,0,1453.9
152,49.0,54.0,3.0,47.48,1.0,0,156.77
404,,23.0,1.0,65.98,0.0,1,100.0
946,32.0,1.0,10.0,126.03,0.0,0,1012.83
208,51.0,12.0,7.0,106.69,1.0,0,704.47
659,47.0,192.0,11.0,88.39,5.0,1,619.91
844,49.0,58.0,7.0,108.59,,0,639.62
763,70.0,31.0,3.0,100.89,1.0,1,204.99
9,39.0,37.0,4.0,122.38,2.0,0,506.84
808,39.0,35.0,6.0,91.8,1.0,0,751.78
37,47.0,7.0,4.0,96.33,0.0,0,323.94
453,33.0,42.0,10.0,131.56,1.0,0,1403.08
652,58.0,4.0,6.0,95.35,0.0,0,704.35
254,57.0,30.0,6.0,,0.0,0,575.56
304,52.0,67.0,8.0,55.9,0.0,0,413.11
747,47.0,22.0,8.0,48.82,0.0,0,364.93
572,65.0,5.0,12.0,86.91,1.0,0,1041.81
624,61.0,15.0,7.0,63.76,0.0,1,223.87
733,49.0,8.0,7.0,96.85,2.0,0,778.46
892,51.0,43.0,7.0,63.85,0.0,1,275.8
263,18.0,54.0,8.0,70.19,2.0,1,262.68
611,52.0,95.0,5.0,73.73,2.0,1,233.06
298,48.0,3.0,4.0,100.93,1.0,0,433.58
415,48.0,4.0,,75.78,3.0,0,659.12
151,48.0,35.0,9.0,88.16,2.0,0,759.71
789,44.0,,8.0,,1.0,0,1139.65
641,,9.0,9.0,63.07,0.0,0,457.9
890,58.0,83.0,9.0,114.38,0.0,0,1041.39
551,46.0,3.0,11.0,89.39,1.0,0,1188.76
887,52.0,1.0,5.0,77.0,0.0,0,444.77
489,65.0,32.0,8.0,118.21,1.0,1,702.41
148,29.0,17.0,9.0,82.35,2.0,1,513.67
147,30.0,33.0,11.0,124.24,1.0,0,1116.44
721,48.0,12.0,7.0,100.17,2.0,0,658.42
932,67.0,27.0,11.0,89.5,3.0,1,695.64
740,57.0,12.0,8.0,61.82,0.0,0,408.23
660,43.0,81.0,6.0,113.95,2.0,1,498.42
349,36.0,2.0,9.0,72.46,0.0,0,631.25
464,47.0,,12.0,113.75,1.0,0,1443.89
326,30.0,1.0,5.0,66.27,1.0,0,325.78
187,50.0,23.0,7.0,94.65,2.0,1,414.31
124,28.0,81.0,9.0,60.35,2.0,1,347.29
854,59.0,52.0,13.0,80.31,1.0,0,1108.83
609,23.0,41.0,6.0,84.03,2.0,1,320.36
144,47.0,33.0,8.0,123.33,1.0,0,1125.19
959,51.0,63.0,8.0,108.68,3.0,1,514.66
198,46.0,2.0,9.0,91.1,2.0,0,677.12
610,62.0,6.0,13.0,104.57,2.0,0,1495.2
280,40.0,3.0,8.0,61.56,0.0,0,480.6
294,55.0,37.0,6.0,76.87,1.0,0,550.59
401,,1.0,13.0,95.98,0.0,0,1159.89
123,61.0,18.0,9.0,104.59,0.0,0,821.32
184,50.0,17.0,5.0,100.14,2.0,1,295.85
203,57.0,14.0,10.0,86.47,0.0,0,750.27
439,24.0,4.0,6.0,110.37,0.0,0,788.95
247,39.0,,11.0,91.13,0.0,0,755.71
416,36.0,1.0,13.0,74.33,0.0,0,1113.41
933,27.0,10.0,6.0,81.46,1.0,1,372.59
766,36.0,21.0,8.0,98.69,0.0,0,742.67
907,28.0,16.0,10.0,78.86,1.0,0,770.19
836,47.0,1.0,9.0,123.04,1.0,0,1189.54
888,40.0,10.0,10.0,100.25,1.0,0,813.74
130,38.0,100.0,4.0,114.59,1.0,1,302.35
638,45.0,27.0,3.0,104.63,0.0,0,267.52
403,45.0,98.0,10.0,86.51,0.0,0,884.14
785,51.0,1.0,10.0,96.2,1.0,0,1002.38
771,53.0,6.0,8.0,80.02,0.0,0,673.8
736,50.0,24.0,9.0,106.31,0.0,0,878.81
914,63.0,72.0,14.0,118.43,2.0,1,890.55
220,45.0,1.0,5.0,87.0,3.0,1,269.47
642,65.0,52.0,7.0,94.25,0.0,1,381.5
916,48.0,49.0,8.0,80.09,,0,622.17
753,33.0,23.0,8.0,92.06,6.0,1,632.64
807,47.0,5.0,13.0,102.55,0.0,0,1239.69
920,47.0,10.0,12.0,77.85,0.0,0,943.17
625,64.0,35.0,4.0,113.67,0.0,1,266.17
875,44.0,34.0,4.0,90.18,,1,173.62
761,38.0,18.0,7.0,92.55,3.0,0,576.15
387,49.0,30.0,9.0,55.89,0.0,0,511.82
973,55.0,8.0,11.0,91.08,1.0,0,1122.5
510,35.0,44.0,4.0,94.6,0.0,0,383.57
268,27.0,9.0,,95.91,3.0,1,309.7
820,57.0,4.0,6.0,93.13,,0,483.55
442,44.0,6.0,10.0,106.54,1.0,0,1077.62
497,32.0,,13.0,96.91,3.0,0,1261.42
113,45.0,,7.0,83.11,1.0,0,606.28
692,58.0,20.0,14.0,85.56,1.0,0,1509.32
233,45.0,48.0,7.0,129.84,0.0,0,1068.92
870,69.0,116.0,10.0,106.06,4.0,1,703.4
608,30.0,1.0,8.0,,1.0,0,862.65
672,20.0,13.0,9.0,86.26,3.0,0,891.51
374,56.0,51.0,5.0,110.29,1.0,0,539.22
982,50.0,21.0,12.0,85.82,0.0,0,1008.17
843,31.0,6.0,7.0,73.15,2.0,1,362.67
234,37.0,23.0,7.0,119.61,0.0,0,757.23
786,57.0,2.0,5.0,134.28,0.0,0,743.97
677,31.0,9.0,,78.49,0.0,1,110.63
318,41.0,11.0,3.0,107.57,0.0,0,330.51
649,42.0,46.0,14.0,101.69,3.0,0,1607.9
411,53.0,30.0,11.0,85.05,2.0,0,1014.28
899,59.0,3.0,11.0,77.47,0.0,0,914.82
710,65.0,42.0,7.0,90.2,3.0,1,432.89
359,48.0,2.0,6.0,120.78,2.0,0,606.41
259,50.0,7.0,8.0,83.18,1.0,0,626.83
745,51.0,57.0,6.0,95.65,2.0,1,290.15
628,43.0,13.0,10.0,90.61,1.0,0,955.59
633,43.0,30.0,9.0,48.71,0.0,0,503.46
283,64.0,28.0,4.0,97.11,0.0,1,261.86
377,55.0,60.0,11.0,75.75,1.0,0,1060.64
385,35.0,12.0,7.0,78.92,0.0,0,683.21
225,39.0,1.0,7.0,70.82,2.0,0,580.2
954,62.0,3.0,7.0,113.65,0.0,0,823.21
815,57.0,4.0,9.0,103.39,,0,908.15
473,26.0,14.0,5.0,83.66,0.0,0,443.22
348,28.0,29.0,6.0,119.71,0.0,0,785.77
506,39.0,40.0,8.0,105.0,1.0,0,855.59
640,29.0,49.0,11.0,85.05,0.0,0,994.76
988,55.0,,6.0,74.44,1.0,0,415.81
929,63.0,1.0,13.0,20.0,1.0,0,313.28
906,,3.0,10.0,69.36,0.0,0,757.51
620,47.0,38.0,6.0,86.69,2.0,0,515.66
856,38.0,5.0,5.0,98.55,0.0,0,564.96
804,39.0,15.0,6.0,81.64,0.0,0,441.89
646,41.0,12.0,11.0,117.65,0.0,0,1239.82
847,48.0,37.0,11.0,93.39,1.0,0,1044.79
557,39.0,59.0,11.0,83.09,0.0,0,822.73
958,50.0,53.0,6.0,63.84,0.0,0,343.67
578,54.0,55.0,9.0,86.25,0.0,1,584.64
796,57.0,100.0,9.0,121.19,1.0,1,869.4
86,38.0,14.0,7.0,82.75,0.0,0,496.3
243,51.0,6.0,7.0,116.26,2.0,0,897.65
699,56.0,41.0,8.0,96.57,1.0,0,821.16
160,52.0,80.0,5.0,107.72,,0,504.68
525,35.0,6.0,8.0,83.54,0.0,0,697.91
36,30.0,38.0,4.0,60.51,2.0,0,237.24
541,55.0,4.0,7.0,63.57,1.0,0,524.03
171,34.0,113.0,8.0,39.58,0.0,1,212.49
655,70.0,2.0,11.0,118.61,1.0,0,1031.96
891,54.0,61.0,11.0,119.14,0.0,1,759.02
858,50.0,52.0,8.0,60.21,2.0,1,260.97
848,,11.0,,94.62,1.0,0,762.24
945,67.0,,8.0,93.86,1.0,1,459.67
734,24.0,31.0,6.0,70.59,4.0,1,296.35
96,27.0,2.0,4.0,129.82,2.0,1,325.05
564,41.0,39.0,8.0,126.11,1.0,0,1004.25
241,35.0,5.0,7.0,85.92,,0,574.97
743,37.0,7.0,,110.49,1.0,0,691.45
575,54.0,51.0,9.0,125.93,0.0,0,1264.65
691,40.0,39.0,8.0,59.49,0.0,0,489.54
461,68.0,96.0,10.0,103.19,1.0,1,686.32
554,48.0,31.0,9.0,105.29,1.0,0,987.76
889,52.0,31.0,7.0,63.2,1.0,1,269.27
207,51.0,1.0,5.0,82.38,2.0,0,329.26
393,29.0,27.0,13.0,119.79,0.0,0,1231.98
795,32.0,44.0,8.0,88.48,0.0,0,600.37
398,61.0,4.0,8.0,65.75,0.0,0,509.02
767,44.0,49.0,8.0,61.47,1.0,1,268.56
849,37.0,19.0,4.0,94.69,0.0,0,420.35
218,42.0,1.0,9.0,114.28,0.0,0,887.57
5,42.0,1.0,4.0,78.12,0.0,0,303.02
769,37.0,,9.0,93.81,1.0,0,841.9
643,41.0,20.0,8.0,60.16,3.0,0,472.72
930,44.0,18.0,7.0,94.43,0.0,0,733.72
613,48.0,11.0,6.0,103.06,0.0,0,703.43
739,64.0,28.0,9.0,120.58,1.0,0,1119.59
547,51.0,17.0,9.0,111.79,2.0,0,1084.41
726,42.0,24.0,4.0,95.34,1.0,1,233.74
684,50.0,55.0,10.0,76.11,1.0,0,900.65
99,45.0,12.0,11.0,122.05,0.0,0,1094.93
805,39.0,73.0,6.0,97.54,,0,630.86
728,49.0,1.0,12.0,87.39,3.0,0,1293.14
574,42.0,38.0,6.0,69.64,1.0,0,351.41
407,32.0,11.0,13.0,122.85,1.0,0,1550.4
503,28.0,2.0,3.0,84.37,0.0,1,160.76
48,57.0,38.0,10.0,87.23,2.0,1,440.0
33,44.0,32.0,10.0,101.77,0.0,0,932.72
780,52.0,61.0,4.0,74.8,0.0,0,338.31
840,42.0,66.0,8.0,62.31,1.0,1,380.81
201,49.0,28.0,11.0,101.82,2.0,0,1063.94
135,33.0,18.0,13.0,102.39,0.0,0,1477.9
28,49.0,7.0,8.0,62.68,0.0,0,495.57
881,70.0,9.0,13.0,98.31,0.0,0,1099.08
231,36.0,10.0,,59.3,0.0,1,312.65
490,,67.0,11.0,87.56,1.0,0,1166.13
773,52.0,5.0,8.0,80.99,0.0,0,636.05
379,70.0,46.0,8.0,95.73,2.0,1,405.25
289,48.0,132.0,8.0,114.41,2.0,1,691.98
419,59.0,1.0,8.0,51.49,1.0,0,468.31
675,,1.0,9.0,128.21,0.0,0,1411.82
392,50.0,20.0,13.0,93.6,2.0,0,1248.94
593,50.0,38.0,9.0,122.1,,0,1234.05
499,34.0,1.0,8.0,71.31,0.0,0,682.75
139,54.0,4.0,8.0,83.86,1.0,0,712.0
63,31.0,9.0,5.0,77.77,0.0,0,373.89
472,18.0,19.0,13.0,94.53,1.0,0,1431.26
648,44.0,36.0,9.0,96.63,0.0,0,833.9
129,46.0,129.0,,79.68,0.0,1,336.88
977,39.0,20.0,8.0,68.21,1.0,0,494.55
521,24.0,10.0,7.0,88.17,1.0,0,541.15
839,56.0,38.0,9.0,83.3,,0,764.72
963,47.0,11.0,8.0,106.45,2.0,0,909.36
65,54.0,73.0,8.0,104.68,1.0,0,765.49
813,62.0,9.0,6.0,95.91,2.0,0,620.65
15,24.0,2.0,6.0,91.66,0.0,0,561.39
157,67.0,60.0,6.0,73.8,2.0,1,318.51
41,53.0,6.0,11.0,,0.0,0,1217.11
493,45.0,2.0,9.0,101.44,1.0,0,784.89
380,35.0,10.0,4.0,,2.0,0,383.57
188,44.0,1.0,4.0,71.41,0.0,0,325.36
764,43.0,23.0,6.0,117.99,0.0,0,498.05
217,35.0,93.0,7.0,59.11,1.0,1,228.72
792,47.0,32.0,9.0,77.41,1.0,0,805.92
53,36.0,131.0,10.0,70.04,0.0,1,537.87
879,44.0,7.0,4.0,78.51,0.0,0,248.84
338,41.0,47.0,7.0,79.59,1.0,0,522.11
749,37.0,59.0,8.0,107.53,0.0,0,991.43
720,44.0,15.0,6.0,71.43,0.0,0,409.5
725,47.0,99.0,7.0,69.02,1.0,1,359.57
296,36.0,142.0,6.0,108.51,0.0,1,456.27
702,57.0,2.0,6.0,76.12,0.0,0,519.75
252,56.0,23.0,11.0,119.37,,0,1558.43
727,45.0,82.0,,138.13,0.0,0,1497.89
462,45.0,20.0,7.0,53.38,,0,402.46
456,35.0,7.0,5.0,,,0,383.92
997,66.0,6.0,7.0,68.77,,0,394.31
816,27.0,6.0,7.0,51.91,1.0,0,450.09
863,63.0,17.0,5.0,97.1,0.0,0,546.35
270,46.0,16.0,7.0,99.55,1.0,0,688.26
202,51.0,18.0,8.0,53.49,1.0,1,275.36
162,54.0,33.0,8.0,51.15,3.0,0,382.06
556,,50.0,2.0,73.0,3.0,1,100.0
730,35.0,9.0,7.0,77.53,0.0,0,552.71
402,37.0,4.0,3.0,,,0,186.56
703,36.0,1.0,8.0,118.17,2.0,0,952.86
477,51.0,66.0,13.0,86.97,0.0,1,769.7
822,61.0,28.0,10.0,97.04,2.0,0,989.21
772,,8.0,7.0,51.29,0.0,0,358.96
106,49.0,5.0,2.0,86.2,2.0,1,117.73
566,40.0,32.0,7.0,80.22,1.0,0,586.68
390,38.0,59.0,5.0,99.32,0.0,1,407.68
2,43.0,3.0,8.0,84.26,1.0,0,634.21
938,53.0,57.0,8.0,97.37,0.0,0,638.54
983,33.0,30.0,4.0,81.48,0.0,0,331.07
562,69.0,18.0,6.0,,0.0,0,345.37
81,42.0,17.0,,67.0,2.0,0,433.59
206,33.0,19.0,3.0,82.53,0.0,0,237.19
35,54.0,,6.0,81.98,0.0,0,597.21
776,26.0,21.0,10.0,69.06,0.0,0,619.95
509,45.0,12.0,9.0,97.75,1.0,0,900.59
428,53.0,3.0,9.0,82.57,1.0,0,830.11
455,38.0,22.0,9.0,76.05,1.0,0,692.37
367,47.0,75.0,10.0,97.45,0.0,0,980.3
92,56.0,4.0,9.0,,1.0,0,602.74
340,38.0,8.0,6.0,79.73,,0,507.4
898,46.0,24.0,8.0,98.12,0.0,0,835.79
565,59.0,44.0,7.0,64.79,0.0,1,342.43
346,47.0,55.0,5.0,94.08,0.0,1,256.84
777,36.0,6.0,6.0,108.04,1.0,0,695.68
242,43.0,34.0,5.0,,1.0,0,442.29
14,22.0,50.0,8.0,76.74,3.0,0,618.47
316,45.0,31.0,7.0,100.23,,0,743.16
601,54.0,28.0,7.0,69.31,1.0,0,430.56
388,,51.0,,92.89,2.0,0,881.18
274,45.0,18.0,10.0,110.72,,0,1291.48
167,54.0,3.0,10.0,98.6,0.0,0,1074.98
841,44.0,2.0,8.0,109.75,1.0,0,813.65
993,42.0,,8.0,,2.0,0,1163.35
647,18.0,46.0,6.0,77.9,2.0,1,327.49
819,45.0,31.0,10.0,91.46,2.0,0,941.52
485,35.0,1.0,8.0,74.05,4.0,1,468.89
981,54.0,40.0,11.0,77.62,3.0,0,796.41
505,37.0,94.0,10.0,99.12,2.0,1,669.57
832,33.0,5.0,5.0,54.23,1.0,1,138.48
244,55.0,22.0,6.0,79.42,1.0,0,497.4
567,20.0,5.0,6.0,79.71,0.0,0,393.4
876,66.0,2.0,7.0,67.43,1.0,0,524.18
563,55.0,55.0,6.0,99.97,0.0,0,631.84
687,42.0,18.0,8.0,93.51,0.0,0,743.98
190,26.0,13.0,5.0,81.46,2.0,1,214.2
783,49.0,125.0,13.0,71.71,1.0,0,865.15
700,42.0,32.0,12.0,83.52,1.0,0,1263.28
476,42.0,46.0,3.0,63.8,1.0,1,115.46
682,31.0,16.0,6.0,130.94,,0,693.71
511,48.0,32.0,12.0,74.86,1.0,0,923.29
59,48.0,20.0,11.0,91.42,0.0,0,890.39
475,64.0,18.0,4.0,79.3,2.0,1,181.07
561,48.0,42.0,6.0,55.76,0.0,0,313.7
857,35.0,37.0,7.0,112.82,0.0,0,778.32
748,35.0,3.0,5.0,102.22,,0,450.51
253,,1.0,4.0,109.33,0.0,0,441.28
22,42.0,39.0,10.0,59.36,1.0,0,567.88
314,54.0,23.0,11.0,84.49,2.0,0,969.15
460,30.0,48.0,10.0,109.44,3.0,0,999.48
161,33.0,,8.0,99.97,2.0,0,708.59
277,47.0,40.0,8.0,88.34,0.0,0,753.06
956,58.0,72.0,,100.01,0.0,0,1048.58
192,55.0,35.0,7.0,65.15,1.0,1,317.97
386,,111.0,9.0,78.71,1.0,0,640.7
806,,22.0,6.0,86.92,0.0,0,414.67
414,60.0,31.0,4.0,75.49,1.0,0,313.51
492,,28.0,7.0,,2.0,1,456.42
344,38.0,78.0,12.0,,0.0,0,1250.82
770,66.0,46.0,11.0,106.46,0.0,0,1341.96
309,51.0,2.0,9.0,104.42,2.0,0,927.0
662,38.0,,9.0,70.75,3.0,1,530.31
131,26.0,1.0,16.0,86.82,0.0,0,1207.5
664,38.0,46.0,9.0,111.06,1.0,0,1126.9
872,35.0,4.0,,85.88,0.0,0,1017.0
100,42.0,52.0,6.0,124.34,1.0,0,941.58
373,,3.0,13.0,83.9,3.0,0,1037.76
88,,8.0,6.0,90.04,0.0,0,533.09
459,38.0,111.0,6.0,,1.0,1,438.35
331,44.0,6.0,,105.12,0.0,0,1006.66
215,41.0,50.0,7.0,85.08,0.0,0,706.99
467,52.0,3.0,12.0,99.4,0.0,0,1258.52
122,34.0,3.0,9.0,86.68,0.0,0,879.08
615,70.0,10.0,7.0,104.38,2.0,1,519.73
21,62.0,22.0,11.0,85.23,2.0,0,860.7
701,,94.0,4.0,100.66,,1,276.3
72,63.0,71.0,6.0,93.14,0.0,1,377.53
107,67.0,1.0,5.0,92.91,0.0,0,549.63
271,62.0,33.0,9.0,112.49,1.0,1,646.55
861,47.0,4.0,5.0,97.99,,0,542.76
436,45.0,29.0,10.0,100.45,1.0,0,928.12
103,40.0,28.0,11.0,73.99,2.0,1,545.42
